11.325,2.0291,3.2718,49.318,47.437,2.637,0.1,6.976,0.3,0.2,0.2,17.774,2.8195,1203.7,0.62118,11.599,0.1,2.2782,0.1,5.1588,1.9883,1.3154,2.645,2.1135,1.4014,0.1,0.4,0.9,24.314,0.1,3.6966,7.8778,0.9,0.5456,39.652,8.9455,8.8655,2.6121,149.79,0.4,598.15,0,10.745,1.0509,29.13,0.6,19.1,26.196,0,14.278,7.0069,18.281,0.3,0.2,0,25.105,0.43555,3.3398,0.6,43.844,277.27,0.1107,1.5561,1.9,5.7212,6.4386,0.7303,172.09,0.3,0.1,101.19,46.481,0.2,0,162.61,0.074654,5.5756,3.2012,0.11066,5.1685,45.896,0.1,3.6021,1.3,0.5,158.67,1.2274,13.7,170.43,1.7887,5.7231,5.9781,1,0.7,2.0185,0,0.8,90.704,0.014833,6.5486,127.37,0.6,1.3779,0.2,285.89,0.1,0.1,22.924,0.14007,8.8975,1,0.012145,0.3,0.6,0.2,27.132,1,0.1,4.1,21.494,0.1,13.769,58.491,298.75,3.6,54.343,17.601,1280.5,0.2,54.07,0.56775,0.1,7.9407,0,4.7622,17.607,0,0.4,0.36065,39.285,1.8028,0,18.571,2.0475,20.718,33.619,7.4795,0.4,2.7497,0.1,2.5,182.53,3.974,4.049,1,1.2319,0.7,0.6,0.18331,0.2,0.1,9.0708,0,0.8,2.0968,0.5,0.3,64.627,0.3,1.5008,0.3,0.97324,0.42708,15.407,25.454,13.829,503.09,0.55151,3.4143,0,0.5,6.9259,1.884,0.8,0.7,0,349.43,2.4437,0.6,0.75716,8.2862,1.2624,3.0366,7.1315,2.1579,0.5,1.2233,4.3384,0.6,66.927,0.5,0.4,4.8999,0.23084,29.861,0.3,14.695,10.316,27.357,0.2,0.3,0,92.282,2.8663,0.75543,1.5613,0,45.943,0.2,0.82636,2039.6,1,18.162,1.7287,33.845,0.2,0.9,12.268,2.9908,0.2,2.2689,3.7223,1.3215,0.34564,440.27,14.359,0.4,0.24504,17.246,194.25,2.953,2.2155,79.694,103.24,1.8147,1.9947,0,0.1,3.4667,8.5718,0,28.047,529.57,1161,2,1.6689,200.29,31.599,0.025533,2.2529,9.0939,1.9,19.943,1.9,0.86228,0.1,3.7753,1.9691,1,22.071,0.2,2.7,6.3243,10.492,2.0463,169.82,34.435,0.5,1.6531,535.92,50.757,0.5,18.773,3.0622,4.3932,0,0.2,0.87402,18.82,0.3,3.8,26.184,0.1,1.8346,0,1.6841,49.55,0.2,153.12,4.3959
85.168,20.278,8.3233,23.1,0.1,214.35,13.341,0.67547,0.2,0,3.5729,0.3,1.2,627.81,0.26608,11.088,0.99683,0.1,0,0,0.2,1.4525,2.4549,0.4,0.6,6.3133,0.4,0.13392,29.854,0,24.664,0.6,4.3181,1.9446,250.28,62.433,0.3,5.3619,38.029,10.887,74.322,0,3.7741,0.2,62.737,13.654,0,0.1,1.1239,12.63,253.61,2.9231,2.3768,0.4,0,3.3,17.135,0.1,5.3862,9.5343,15.628,1.4004,0.2,0.1,0.2,1.9,10.139,48.371,1.2372,0,4.7658,285.44,0.97798,5.7519,63.028,0.8,102.7,19.482,283.48,0.1,45.485,0.5,0.5,1.0297,0.4,184.62,0.2,6.6207,86.945,4.2846,0,8.9135,1.4679,1.0273,1.8591,0.38032,0,6.8,18.463,2.2574,123.81,0.1,0.59973,0.2,44.216,0.5,0.16303,0.18851,1.2,0.2,1.5531,0,0.3,0,1.2841,60.107,0.4,7.423,20.457,1.3316,0.7,1.5,65.776,128.38,269.01,34.729,0.8,37.2,1.0754,113.32,0.5,3.4,169.34,0.35918,0.2,1.1537,0.89034,0.3,2.6282,1.9205,342.3,0.1,1.6908,17.409,9.1058,50.816,0.31193,1.8498,0.4,0.30894,0.5,331.51,0.75968,19.031,0.5,0.5,15.731,34.529,0.1,0.099962,0.2,1087.3,1.3787,2.3,8.5424,1.9422,0.38227,23.192,0.8,0.1,0.29997,0.70794,0.8,1.5,4.748,1.3,13.727,5.9095,4.0433,0,0,73.971,0.74232,0.3,0.4,0.8,164.83,0.6,0.87187,0,0,0.6,0,1.4591,0.8,1.0409,7.2573,1.0329,0.7,391.94,0.1,3.915,20.659,1.3121,38.547,0.4,6.4233,12.995,35.306,24.042,2.5659,0.88078,24.753,20.968,0.3,3.575,0.012773,68.874,0.86918,1.4,10.078,1.1457,17.799,0.3,1.6356,0.8,0.3,29.471,22.013,1.9716,3.3462,14.826,0.1,1.4752,15.707,1886.7,0.11721,7.1407,72.134,17.183,1.2322,3.5318,2.7009,1778.3,0.64361,12.401,0.2,0.94066,0.7,2.7054,1.3382,315.87,1.0717,63.817,4.9557,5.9491,41.247,80.437,0.98583,11.786,150.21,0.6,0,3.8,3.2,0.9,5.1805,0,0,673.42,0.2,3.4,130.21,7.1816,0.15192,25.356,247.64,0.89508,0,84.418,123.8,9.4268,394.97,0.13908,1,0.2,0,11.35,27.976,6.0707,0,125.03,4.2301,0.18051,0.45379,0.1,9.9805,0.33103,43.875,0.3
41.327,3.3803,4.1003,12.758,3.0711,37.231,0.2,0.1,0.4,3.7055,0.1,1.1278,6.8842,55.265,7.741,22.863,0.2,0.31675,1.1413,2.2271,0.8,0,0.1,0.40134,0.75388,0.1,0.33548,0.3,480.59,5.8707,8.1817,2.3962,1.5,0.7,5.9494,151.32,8.7469,0.5,126.75,0.1,4.4118,6.6281,0.84282,0.3,28.683,1.068,0.1,4.53,0.4,230.27,236.64,4.6277,2.0232,0.1,0.4,32.221,0.7,8.6095,14.356,0.43765,16.22,2.6236,0,0.8633,0.1,1.9,46.941,1437,0.1,8.9887,26.627,1235.3,1.1,0.1,154.66,0.3,4.1514,127.01,27.043,11.605,2.2073,0.8,0.1,0.5,0.6,25.698,0.3,154.06,50.975,0.2,8.0584,31.002,0.65942,0.2,3.4,0,6.3453,93.272,0.2,0.1,0.050367,0.1,0,0.4,49.34,0.1,0.3,0,1.4865,0.15862,0.2,0.3,0,0.7,0.1,35.238,31.097,0.3,0.40728,0.2,0.02299,1.3997,314.87,15.645,20.114,3.2348,17.787,213.54,3.2,652.23,1.2,0,10.697,0.1,1.3126,9.8968,0.2,1.4527,6.4606,57.533,48.003,1,0.5,4.9537,35.29,40.265,0.3,1.5,0.4,0.16066,0.59365,29.827,10.236,5.8808,0,0.0446,0.79392,1.8882,2.2983,3.4981,20.569,317.36,0.1,0.48516,0,0.2,1.4775,25.442,0.42219,1.5791,0.1,0.5,0.2,1.402,24.046,4.8,28.422,0,0.5,0.4,0.3,132.78,13.979,0.2,3.5264,2.3,9.3032,9.834,17.452,3.6265,1,0.3,2.7601,14.806,0.85647,0.5,0.1,1.4,6.6587,338.56,1.1594,0.25765,6.1,3.2286,8.1203,0.9,185.53,0.98503,551.88,0.4,0.33558,4.3998,248.65,2.8,0.43784,4.5162,0,46.343,10.671,0.77053,20.156,0,3.8835,0.5,0.4,2.1,0.10768,48.902,0.4401,0.7513,0.3,60.162,0.73536,0.55244,1599.5,18.031,0.8,0.4,12.876,50.477,6.2,6.8821,40.09,162.98,0.1,1.6138,0.1,0.67877,7.4664,0.5938,2.196,7.1271,162.77,535.66,5.8566,439.48,6.1543,32.794,0.2,0.8,143.56,1.8716,0.5,7.3053,3.2,0.043863,2.729,0.5,1.7304,32.272,14.195,54.106,95.66,93.048,9.1943,37.76,370.19,0,1.7618,1.3846,8.7868,0,127.48,0.83104,0,2,0.1,0.88537,20.492,3.3656,7.2166,20.053,0.1,0.88578,0,0.9,2748.6,0.35433,18.804,9.674
9.6925,0,1.9,0.1,5.1327,9.0456,0.1,0.8,8.1242,0.2,0.77891,0.54373,0.3,14.9,7.4194,4.8554,0.2,0,0.1,0.090071,0.31321,0.1,0.6,0.9,3.199,0.85659,0.1,0.23772,16.651,0,4.1219,30.931,0.67381,0.8,375.76,145.92,0.4,1.2121,3.7625,1.5,10.276,0.43599,5.3921,0.5,742.3,4.144,0.2,1.2,0.12167,1814.8,23.278,206.91,0.99555,2,0.4,7.4628,63.923,0.1,0.073585,26.979,1056.9,6.5444,0.3,3.8922,0.33026,6.3035,198.93,2317.2,0.1,0.3,12.113,2.1385,0.9,0.84295,4.1471,0.36295,45.39,84.7,1.7332,0.4,1.2658,26.103,0.4,0.8,0.8,1076,0.3,1645.6,226.03,0.1,2.3917,233.67,0.1,14.784,0.26502,0,5.7576,32.99,0.10738,11.266,57.674,1.1,1.9,8.8604,117.65,0.9,22.676,0.8,0.2,0.1,1,0.63187,0.2,2.9,0.52971,246.72,2.6159,0.83924,13.254,1.7232,0.54789,15.762,28.598,26.625,20.215,6.9855,1.2,37.2,0,1672.1,5.5084,0.4,19.605,0.1,1.3,27.708,2,0.67021,33.142,2.145,423.67,1.7,0.3,9.572,42.017,13.427,6.2302,3.193,6.5,0.2,0.027833,54.496,3.4428,21.077,1.0305,1.9283,0.1,1.0104,3.2852,0.86702,0.2,370.84,7.3001,0.1,0.2,0.81907,0.1,318.19,0.4,0.2,0.4,2.0983,1.6,4.4021,11.185,0.4,816.9,0.2,0.46604,0.4,1.3,9.0702,13.843,2.7779,14.196,3.55,304.62,0.6,0.1,0.4,0.4,0.1,0,0.067524,6.5,5.0869,0.77465,0.15844,0.6,2022.8,0,0.2,0.92529,42.134,38.198,1.4124,4.8755,0.2,34.505,6.8495,0.1,0,109.26,2.7,2.5,1.6334,0.5915,9.5671,3.5979,0.52765,21.031,0.6,0.4,8.9887,0.56943,2.6367,0.49566,171.33,10.188,0.6718,0.86037,132.02,0.54489,0.75539,68.168,11.38,0.1,0.3,7.258,90.541,0.7,34.163,48.012,415.82,0.31534,9.3736,0.3,52.589,0.1,0.1,2.3732,788.73,15.264,23.306,1.2,428.81,111.93,68.527,0.5,0,144.39,0.4,11.394,2.4626,0.1,0.3,0.5,1.6,0.19286,3.101,0.2,88.442,118.7,38.413,68.772,6.5816,131.04,0.093445,1.4122,1.4269,61.625,4.231,8.8963,49.606,1.7705,1.9663,0.7,0.2,201.15,0.3,0.6,5.402,0.7,0,0.68455,2.7,184.31,0.2,16.4,0.1
0,11.62,0.7,37.43,1.1552,1019.6,2.0721,0.3,0.68147,0.1,1.1889,1.759,9.9,11.419,10.759,0.5,0.6,5.4633,0,0.2,2.9359,0,1.3,0.3,10,0.7,0.1,0.2,156.37,0.018113,16.906,4.9449,2.3748,2.6106,1.0248,72.97,1.8,3.17,128.18,0.1,4.353,0.36777,0.1,0,1132.3,0.3,0.1,0.8,0.66886,14.485,264.48,0.1,0.26941,0.4,0.68477,22.901,8.5764,2.3266,4.3348,10.312,15.774,2.0872,0.43261,0,1.1536,1.9633,24.797,47.659,1.1,0.3,7.7773,45.222,0.4,0.5,172.34,0.8,12.874,11.082,88.832,0.1,14.021,0.32296,0.068693,0.31401,0.64242,60.968,0.1,480.7,181.82,4.7463,9.5362,359.9,2.8625,1.7,1.0021,9.6778,1.027,256.07,0.3,5.3868,1.1321,0.45661,3.189,72.042,3425.8,0.7,0.92555,0.1,0.1,0.1,0.1,0.039273,0.1,1.2964,0.82492,1.3797,0.14224,0.1,0.33637,0.4,4.5286,37.028,0.32128,106.02,34.648,0.4888,0.8,1.7025,2.4186,332.15,5.9186,3.4939,14.934,0.32502,0.2,38.722,2.2401,5.6326,19.499,6.7332,3560.5,0.3,0,138.53,3.2861,39.316,0.3,0.1119,0,0.3,0.3,2497.7,3.4443,31.929,0.9,0.4,0.7,0.6,1.4918,0.6,1.8954,0.93878,0.4,0.6,0.7,0.8,0.2,2.6035,0.4,2.6839,0,21.446,2.3979,0,890.04,0.3,1.3665,27.036,0.2,0.77734,0.2,6.2963,963.7,1.5125,0,0.1,133.35,4.4251,0.73878,0.3,0,0.1,0.98411,0.70814,0.3,4.6647,18.443,1.6986,0.2,61.131,6.8197,0.2,1.7003,2.0142,1.2123,0.2,6.3322,0.20393,71.018,2.8744,0.074176,0.53892,9.5329,6.6874,0.5,0.1,7.0963,38.581,1.6,0.2,91.682,2.7058,0.30302,0.1,0.1,5.9,0.1,163.53,16.418,0.4,2.5,0.79193,0.1986,0,30.161,395.48,0.4,0.9,8.2229,11.176,2.0891,3.3386,26.481,22.056,2.5589,12,2.0417,0.0947,0.83331,1.5138,1.7858,79.742,13.532,2274.1,0.5,727.22,55.579,21.785,0,0.4,22.5,0.5,29.354,7.0661,0.1,0.6,0.3,2.4565,1.4375,90.945,0.1,0.62368,116.53,27.873,74.641,19.423,71.169,20.947,0,13.195,9.2992,9.6689,15.415,118.57,0.6,0.2,0.4,1.1,5.1,0.27749,1.3,32.342,0.7,8.3538,2.5182,4.8045,144.4,0.4,65.034,0.2
13.627,0.3,2.0775,82.148,55.398,45.975,0.5,7.2758,6.3996,9.443,0.9,21.509,2.9134,77.469,0.19588,2.3351,0.3,1.7562,0.21511,0.1,1.1,5.4525,0.3,0.72507,1.3035,1,3.1233,0.1,17.393,4.6715,15.835,0.1,0.4,0.40658,134.98,25.504,0.4,0.5,122.77,5.7806,71.536,6.715,0.03297,0.9919,1168.7,0.3,0.6,6.4239,1.8152,13.756,18.55,318.99,12.151,0.8,0.1,86.231,11.492,0.9,0.4,35.255,440.13,0.80481,0.3,0.2,13.486,2.2,21.794,187.82,5.7102,0.4,4.1492,261.12,0,0.5,2.2789,3.7498,19.068,149.79,23.969,0.4,14.441,0.8,0.2,10.547,5.7428,357.88,0.1,143.67,320.62,0.1,0.40577,6.2,0,10.059,2.2211,1.1454,0.8,30.124,3.4693,0.83023,124.28,0.1,0.3,0.4,36.704,0.7,0,13.209,1.3634,0.59257,0.3,0,0.18819,24.113,0.4,80.326,0.3,0.1,195.81,1.8,5.3288,6.0887,405.46,512.05,14.173,87.367,2.6161,516.95,0,658.53,0.1,0,4.3549,0.6,6.3678,31.375,2.045,0.42751,3.5727,29.444,20.659,0.6,1.8602,23.366,93.63,301.51,9.0899,2.4176,3.4004,0.5,6.8,1280.3,0,0,0.3,0.57734,0.6,0.2,0.2,0.1,0.3,2.0914,19.281,0.3,0.45874,13.079,1.6981,16.135,0.2,0.3,0.4,13.299,4.6186,3.9112,84.592,18.311,69.713,6.1,4.2584,0.1,2.7971,139.33,0.64587,0.2,3.188,0,71.386,0.1,0.8227,0.6176,1.0661,1.3347,0,11.357,0.4,3.5134,8.7798,0.3,4.8564,219.65,2.772,0.2,0.5,23.153,9.723,0.62107,0,0,612.99,6.3164,1,4.6554,290.29,2.8212,0.46785,0.78251,5.8388,97.091,1.6,0.1,1733.8,1.6098,0.9,1.1,1.1,0.2,0,669.22,13.784,1.7,0.9,315.99,1.5,0.16192,29.917,32.772,0.25854,0.1,107.47,16.38,0.2,3.8,27.775,61.087,0,6.6012,0.3,2.9838,0.3,0.2,26.031,28.707,26.959,210.6,9.2699,74.357,275.35,0,0.1,0.2,66.009,1.7583,7.8,0.44764,2.2132,7.6777,63.35,1.3,1,30.086,0,18.783,31.27,80.349,214.32,13.843,332.07,0.2,1.6812,21.627,227.93,6.3574,38.167,2.9,0,0.3,0,0.2,18.226,0,20.997,1.4977,0.7,0,40.881,0.5,184.56,4,51.715,0.3
71.94,2.1585,0.36248,13.817,0.1,2.3967,0.1,0.6,1.6,0.3,0.6,4.2285,1.5,11.879,0.30507,13.278,1.4324,0.1,0.2,1.577,3.3474,4.3608,0.4,0.2,0.53679,0.1,0.049399,0,98.656,0.1,99.884,1.1437,0.9,0.3,23.459,8.526,0.8,1.8649,21.297,12.515,91.599,0,3.205,1.1,395.68,1.2,7.3679,8.0968,0.6,62.379,608.75,69.733,0.25542,0.77995,0.33867,16.233,2.867,0.1,0.96233,97.002,14.696,0.8,0.4,0.023499,0.4424,0.4,15.028,102.31,2.042,0.3,20.708,591.39,2.2864,0.3,152.56,0.1,119.76,7.667,27.66,0.1,28.891,0.1,2.937,0.4,7.2632,190.41,3.8796,63.176,289.32,3.9893,89.943,0.96721,1.1588,0.39024,174.84,0.47479,0.5,105.15,1.2097,4.7869,0.71304,0.1,0.2,3.3007,1325.1,0.2,0.05314,0.8,20.58,0,1.5,0.3,1.5417,0.7,0.2,240.94,2.5385,0.1,25.453,0.96683,0,4.5916,2.4,76.326,0,49.569,17.044,3.9318,1.6036,612.64,0.1,3.1476,116.25,0,0.76262,6.8391,1.0098,10.6,5.3147,6.9317,1.5298,1.1746,0.3,3.087,11.162,36.363,0.090893,0.5,0.1,2.916,4.8249,13.593,9.3549,197.5,3.9025,1.5,3.3882,1.0072,0.1,7.5022,1.7,930.32,1.9386,0.63113,0.2,0.5,4.8806,3.7397,3.6089,0.066221,2.4676,4.7312,0.4,0.4,7.8473,0.27259,117.26,9.1379,0.22259,0.77371,0.1,126.01,6.9796,0.5,0.4,0.81814,5.7,0.78812,2.4606,0.38137,9.4266,0.2,0.81379,0.7,0,0.9582,0.2,0.1,1.1,608.4,0.2,0.1,9.0294,11.701,0.29909,0.1,4.0043,3.5878,11.976,0.3,0.016875,0.8,4.719,0.28326,7.5815,0.1,0,5.2,0.1,0.1,76.193,18.53,34.757,0,0,0.28304,10.375,163.1,14.375,7.8578,0.18124,31.893,0.1,0.63717,61.4,228.12,0.76408,9.6967,25.398,222,3.4474,12.792,30.687,14.178,0.1,116.27,2.4173,0.9,0.1,0.2,54.674,8.5634,68.085,240.69,0.48653,655.48,169.72,619.55,0.7,18.042,11.427,0.4,2.0123,260.36,0,0.1,0.10928,1.678,4.5359,15.532,0.2,3.7,24.914,9.9263,0.24518,25.519,508.11,0.53567,1.9,1.0947,247.76,1.3,25.927,2.891,0.1,0.3,1.1054,0.3,36.084,3.4715,0.9934,5.4609,0.3,1.8,0.18103,0.1,9.0483,0.20322,765.34,0.3
50.1,8.4787,3.2867,4.0514,16.29,29.445,0.7,9.0601,18.094,1.6796,2.6669,27.63,1.7,654.5,2.701,24.977,0.4,0.2,0.5,0.5,1.1,3.1555,2.7,4.3972,0.7,5.1214,3.5961,6.6837,10.887,0.25587,25.752,0.2,0,0.8,126.77,39.95,0.4,0.3,17.293,0.1,19.144,1.2,9.9013,4.5471,36.119,10.821,0,0.74604,0.2,9.9646,18.774,126.98,0.2,0.2,5.822,140.95,2,0.5,1.1769,29.622,57.307,1.5099,1,0.2,0.3,0,11.536,186.6,1.276,1.4895,7.32,248.01,0.21649,6.7622,62.691,0.075798,49.478,69.529,355.95,1.026,99.293,0.1,5.3279,0.2,3.478,17.4,0.40358,329.95,100.86,1.0845,10.114,0.1765,0.93556,0,0.7,0.6,5.1346,5.3848,4.3898,0.6,51.571,0,21.906,41.856,551.68,0.2,21.776,0.2,0.1,0,0.1,0,1,0,0.21019,11.371,3,0.86425,76.45,1.4,2.8013,8.318,219.94,45.489,70.965,19.355,0.4,1124,3.6309,328.7,0.2,0.2,1.4808,0.1,0.2,4.4621,0.2,0.7,3.9625,222.15,76.067,0.1,0,50.05,63.804,244.28,0.6,20.16,0,0.26377,0.3,211.28,139.13,2.232,7.406,26.327,1,20.029,0,0.3,0.1,339.61,0.1,0.7,5.4641,0.2,0.28946,22.827,0.2,1.5786,0.1,0.86562,1.0064,0.4,1.563,0.2,0.30015,1.3755,0.3,15.772,0.2,131.77,1202.9,1.7,0,0.92466,7.0489,0.3,0.7,0.11534,2.6975,0.2,12.393,0.97183,0.7425,0.1,0.5,1,1,472.65,0.5,0.49688,0.5,0.84496,0.28662,0.1,2.5801,2.1158,44.772,1.2023,1.5409,0.26083,26.915,0.82228,0.28949,2.2029,0.3,0.18591,0.5,0.4,125.21,0.62786,0,0.2,0.3,0.1,4.9536,20.079,4.3966,1.7,2.1,106.32,0.18135,0.2,449.25,227.73,0,0.2,74.503,25.641,0.2,19.624,156.53,267.82,2.5687,82.289,0.1,50.573,3.2957,1.8,14.318,29.205,30.299,133.6,0.77704,21.746,851.08,160.19,0.1,3.3732,148.01,0.4,0.6,0.98634,0.3,0,1.7214,3.7234,0.26294,21.853,3.0589,7.5334,5.7736,29.949,0.20199,709.17,57.637,1.1384,0,18.444,143.41,9.7,182.4,313.61,0.6,0.53594,0.22594,1.3805,6.1674,19.608,3.5,116.43,0,3.62,1.7488,0.5,6.6993,0.2,42.297,8.3602
22.571,8.214,0.5,14.739,0.2,576.25,0.68664,0.1,4.3755,0.14747,6.7321,39.112,12.786,35.753,0.61201,6.5804,0.1,0.3,0.37379,7.9944,0.06918,3.1839,2.6798,0.1,0,0.1,0.1,0.1,11.953,0,3.0898,1.3648,1,0.0051149,39.196,8.4631,4.9946,2.2883,50.312,0.4,12.8,4.4016,3.9725,0.1,378.66,0.3,0.1,0.5,3.1,0.59531,100.33,18.242,0.1,0.3,0.7,2.3519,52.664,12.748,0.59225,4.9305,239.41,0.5,0.2,32.476,5.4905,2.9,83.061,565,1.1,0.1,40.12,42.793,0.2,4.064,16.334,0.5,26.395,42.154,380.17,1.8,4.4482,2.3554,1.6781,0.49166,1.2,182.67,0.1,2.1555,466.25,0.1,32.675,5.6932,0.2,0.67131,2.1008,0.1,3.2575,6.7101,1.5,0.1,12.008,4.9964,0.5,0.2,11.216,0.34705,1.9994,0.1,0.4,0.1,0.3,0,0.029849,0.8,3.4108,20.215,0.7,5.8447,15.963,0.4,0.3,10.804,12.56,13.817,115.21,53.449,0.1,521.69,0.5,30.583,0,0,43.26,0.6,5.6179,22.92,0.63378,0,17.833,36.998,1783.7,0.5,0.42777,24.66,4.1795,95.438,4.7354,13.887,14.596,0,1.2004,77.023,70.178,10.206,0,0.3,0.1,0.5,10.212,0.017382,9.005,453.97,0.26082,0.89952,9.51,0,23.198,11.742,0.2,20.282,1.4607,14.238,0.070866,0.53226,5.696,1,23.836,0,4.1,0,4.2368,18.683,38.758,15.467,12.367,0.4,22.648,0.022033,1.1746,4.3727,0,0.2,0.036746,0,1.3024,0.1,0,2.5162,0.1,40.196,0.2,0.39571,1.9165,1.3398,9.17,5.7295,4.1,0,25.792,0,8.9537,2.3106,9.0424,1.9525,0.1,0.1,1.8865,10.98,0.2,0.4,24.086,0.1,2,1.1877,0.1,5.1061,0.5,267.25,68.571,0.61084,0.3,91.71,4.9429,1.1,3.2765,56.012,0,0.74082,100.41,161.16,9.0492,17.452,10.256,90.182,0.1,6.6519,0.0017566,1.2,1.6879,0.1,3.3306,3.4081,5.3,789.15,1.2,49.797,40.339,0,0.3,25.274,23.191,1.2,0.59413,59.607,0.1,0.8,1.6822,0.6,0.43304,86.569,0,47.837,8.2275,139.24,6.6549,4782.3,4862.8,0.3,0.7,190.08,594.59,6.2735,0.0052325,36.394,3.5138,0.3,0,0.70012,56.781,10.947,18.529,145.31,1.4545,6.2721,2.9,1.6,45.858,0.24355,18.589,0.1
50.112,2.8756,0.1,2.7,8.6156,62.664,5.7591,7.6554,0.48669,0,0.6,5.1716,1.2,74.976,2.9057,0.098515,0.1,0.1,0,0.41802,1,0,13.251,1.6783,0.3,0,6.4404,0.8,40.036,2.9223,1.5145,0.1,0.41361,7.5572,3.7254,405.15,0.6,3.8124,17.338,0.3,40.035,0.17842,0.09018,1.3,26.486,0.1,0,0.46155,1.0122,233.66,25.5,69.931,0.4,0.1,1.9639,0.1,0,1.9414,0.1,15.055,272.35,1.1,0.4,1.5429,0.4,1.6386,0.8,909.43,0.6884,0.7,3.2582,114.04,0.5,0.81552,3.7833,0.1,3.8,34.672,47.684,0.1,0.057041,1,7.0507,0.1,0,26.645,0.1,294,15.754,0.2,1.4068,15.411,0.6,0.7,13.571,1.4411,0.9,15.8,1.6,0.3,7.4063,0.2,0.88669,35.24,8.7899,1.4528,0.24431,0.1,2.0262,24.634,9.8136,1.8,0.3,14.189,0.21409,2060.3,0.1,6.919,5.2795,0.2,4.1205,26.378,14.838,20.365,9.8224,41.182,0.1,1.9174,1.5372,17.31,0.1,1.9,146.31,0.3,2.5347,0.2,1.9,0.9,11.293,15.014,25.153,3.5911,0,7.803,15.532,108.99,142.89,3.1,0.28151,2.1,0.6,33.531,18.627,64.714,1,7.0846,0.4,0.3,0.5,0.2,1.624,43.1,0.20222,2.4622,0.2,1.4523,19.671,79.454,4.7906,0.5,2.794,12.103,5.0265,1.5581,19.098,9.3967,422.39,0.1,0.7,2.6461,0.1,251.17,1694.6,0.2,0.84173,0.3,147.18,0.2096,1.7452,0.40622,0.1,1.2,0.2,14.535,29.064,0.1,0,1.4,0.1,317.82,0,0.070741,1.3,5.7,5.0695,0.9,13.749,0.1,1016.6,0.4,1.1,0.2,26.657,0.19102,4.1556,2.4849,2.6638,114.11,1,0.34153,893.31,0.24855,3.8696,4.1278,0.4,5.7071,4.9194,0.76893,413.09,1.9894,0.2,316.1,0.4,0.1,1945.1,90.159,0.6,2.9113,0.2,641.74,8.1068,0.8358,8.5118,14.431,2.8736,1.6,5.0189,1.2,0.2,0.1,0.1,115.69,7.3754,825.32,0.2,154.97,398.3,44.01,0.2,6.3656,8.0836,0,6.0928,52.136,0,0,0.1,0.2,0.1,0.44064,0.38522,4.1526,96.485,3.6763,2.0387,692.91,28.449,0.8,0.2,35.387,3.3231,0.2,0.25624,3.6094,3.726,10.438,0.4,0.1,5.1561,0.2,3.8,5.3232,0.3,0.8,2.3217,1.0435,714.52,13.999,69.774,0.2
2.3809,17.566,4.1903,8.042,0.86599,3.9674,0.64557,20.208,0.6,0.52255,0.1,27.202,2.9901,14.9,2.8336,1.5,0.1,5.4882,0.16936,18.464,0.4,0.4659,1.6556,1.0696,4.4722,0.022979,1.4317,0.77446,529.83,0.1,387.59,2.4,5.3394,4.6109,427.39,6.8981,0.1795,3.1637,50.355,0.064213,101.47,0.73254,0.3,1.3457,37.02,0.3,0.1,1.4318,0.24711,88.453,485.05,0.1,3.8,0.1,0.3,23.875,53.681,0.7,0.8,2.75,10.363,6.63,5.0846,0.8692,0.60036,1.6308,0.59369,584.48,0.24602,0,16.703,38.964,0.18492,0.1,98.738,0.8,0.1155,57.215,692.69,0.2,26.607,0,0.7,0.19489,3.827,8.3007,0.20953,7.9213,136.1,4.3969,64.497,174.87,1,0.86662,10.962,0,5.7,120.21,2.5889,10.905,8.5856,2.9026,8.7794,3.3928,8.3848,0.0033264,20.133,2.6844,1.0709,9.4914,0.3,0.68492,1.3,1.1487,0.1,310.91,1,0.3,5.6014,1.9322,0.4,12.167,7.1449,6.4646,24.815,11.721,0.11652,3.8765,3.6331,20.657,5.6182,0.8,32.515,0.6,2.7637,34.455,1.845,0,51.355,14.636,9.3991,0.1,0.2,35.786,17.591,23.5,0.4,1.9741,0.3,0.4,30.172,435.66,169.4,12.035,0.3,0.4201,0.6,0,2.5,10.941,3.5818,165.34,0.3,5.1246,4.2215,0.1,0.1,48.703,0,3.4,1.1,6.4373,2.0148,4.4763,11.627,0.4,1.1152,14.624,1.2857,0.2,0.1,8.3462,8.518,14.778,1.0175,0.1,30.136,0,5.1148,0.1,2.8887,1.2,3.6979,0,0.3,0.2,0.3,0.7,1.1106,534.52,0,0.014926,0,1.4018,0.4,6.9831,3.7,0.2,468.57,0.7,1.1,0.4,43.299,2.8,0.66993,0.1,0.8,89.219,1.0128,0,455.86,0.62627,2.9977,1.2,0.4,1.4795,1.213,11.037,0.57059,0.2,0.3,48.84,8.232,14.574,582.82,479.21,0,7.1459,22.7,131.8,0.4,0.2,1164.6,2.2387,0.6,438.53,0,0.5,0,0.7,6.796,12.617,2.5973,1165.5,0.1,19.877,2.3542,41.083,1.7042,1.8421,37.497,0,1.0562,32.014,0.92659,0.3,0.1,0.84993,0.5,10.658,0.6,7.2183,78.928,6.8,19.93,1247.6,0.12201,0.8,0.25377,36.115,15.929,2.7638,10.472,28.641,0.3,1.9024,0.1,0.3,28.193,4.2,3.8,5.3,0.3,0.3,0.3,0.9,17.773,0.2,25.824,3.9125
16.347,0.3,0.10339,3.2437,5.2,312.64,2.9918,0.3,8.6337,0.44349,0.7838,2.3885,5.5172,291.08,0.2,9.1,21.215,0.1,0.2,1.8,5.3,11.29,1.4975,4.5245,2.2867,0,8.8663,0.4,29,0.1,28.644,30.42,0.41616,0.30109,401.27,22.586,1.412,1.2241,55.274,1.5081,11.705,0.3,0.37027,0.015981,34.052,0.68772,1.3,0.2,1.1841,104.74,19.096,266.35,0.40193,5.7671,0.2,2.2165,0.85376,0.9,0.65175,681.92,199.22,6.6022,1.0778,0.2,0.4,0.1,52.338,1915.1,0.26421,0.2,286.47,114.49,0.5,3.5967,3.0607,0,4.2797,0,105.68,0.7,45.957,0.13387,8.2539,2.5721,0.9,46.29,0.1,1998.2,179.57,0.4,0.010325,383.65,6.7664,0.7,0.4,0.11959,0,97.822,6.1716,0.3,17.916,0,3.9527,0.047687,7.3601,0.4,1.4384,7.0007,1.3878,0.2,1.7521,0.4,8.2848,0.91302,0.1,29.798,1.4482,0.4,18.161,0,0.4,42.419,118.43,25.3,15.2,24.429,0.4,20.363,0.1,113.06,0,0.11863,731.15,0.3,0.037937,29.075,0.7,0.80441,17.527,14.253,951.18,4.5591,0.5,54.861,83.668,65.096,6.7819,2.0682,0.77761,6.7249,0.4,10.92,33.988,32.057,4.13,0.4,0,1.164,0,1.8,3.7834,27.589,3.6282,0.721,1.2466,6.643,16.412,61.428,0.2,3.6614,0.2,7.4164,17.357,1.5756,30.742,0.7103,0.76149,0.1368,0.5,0.94613,0.1,40.341,4.9391,0.4,2.0754,0.1,7.1869,0.6,0.75218,2.8307,3.0889,1.2624,0.4,56.618,0,0.5,0.2,0.32674,3.3122,158.15,1.134,3.1936,8.9319,9.8153,26.819,0.31364,0.8,0,222.47,4.3479,2.1017,0.1,1.3415,0.42055,0.1,4.7115,0.69028,3.7654,3.2415,0.1,124.75,27.948,83.469,1.4562,0.2,2.8493,8.8717,74.091,8.1146,1.7,0.4,32.316,5.5438,1.6,306.78,177.56,0.46,0,3.1054,28.012,1.805,65.089,118.68,98.744,0.3,12.14,0.4,0.9,0.2,0.7,1.3113,5.6251,21.205,1159.4,9.3281,2.2526,582.45,32.515,0.1,0.40183,403.76,0.1,1.8136,70.695,0.66928,0,3.6843,0.5,3.5,81.957,0.1,53.864,7.0846,32.232,17.45,336.57,1713.7,8.0064,1.6959,7.1662,10.843,0.1,95.324,833.97,6.6641,0.2,0,0.2,2.6453,1,0,2.4131,0.28633,0.74347,2.7239,0,101.12,1.1407,7.6327,0.7
90.025,0,0.5,4.5396,2.7259,1150.1,0,0.6,0.24296,0.6,0,30.626,0,72.481,0.1,13.171,0.2,0,0.1,10.74,3.0989,2.8421,0.43313,1.0254,0.44425,5.4935,0.4,16.135,302.13,0.59691,3.5447,21.939,1.5967,2.6218,129.66,4.3089,0.0010357,0.5,161.4,5.7187,65.269,9.3817,0.37131,14.934,37.792,12.26,0,0.2,0,14.408,83.771,71.619,0.5,0.84869,1.0766,85.482,58.023,2.7294,11.965,1.1459,1014.4,0.5,2.1297,0.1,10.173,0.1211,2.8295,24.435,0.76426,3.8079,6.416,43.881,0.2,0.3,62.645,0,15.111,67.231,0.93408,0.5,2.2,8.2291,0.5,0.3,0.1,1.7308,0,153.75,542.9,3.6258,28.222,42.288,0.35314,18.858,20.981,0.2,0.9,100.28,8.175,0,48.087,0.6,0.6,10.693,17.421,0.1,0.39254,0.64185,3.9231,4.2261,0.3,0.6,8.1875,1.2309,0.1,78.058,0.3,0.1,19.777,1.5386,0,7.2166,81.006,219.1,3.6,0.4,1.2736,44.047,1.1077,827.66,0.56306,0.4,676.39,35.474,0.8,3.2454,2.8636,2.9997,18.566,4.7335,16.421,3.1167,0.1,170.37,120.43,10.68,9.1241,0.89784,2.8555,6.7562,0.85301,466.38,161.13,447.91,0.1121,0.2,0.4,7.3695,0.6,0.7,0.3,151.48,0.72191,0.95544,0.6038,5.034,0.1,555.42,0.20434,6.8652,0.3,0,0.1,0.8,5.4,0.23826,28.288,0.00041344,0.026137,14.227,1.0815,7.056,5.9454,2.4533,3.5298,0.2,5.2524,0.1,0.99315,0.1,0,1.2,4.0836,5.7309,6.6407,0.12531,0,6.3921,1,384.24,0.1,0.5,6.1,5.9593,2.5703,2.6115,4.1,3.4487,384.86,0.30977,0.3,0.1,109.17,0.2,0.7,0.43527,0.1,7.8231,0.3,3.0814,150.56,0.77753,43.747,11.8,5.4597,9.4662,1.0398,21.65,30.4,1.8131,1.2,230.39,0.2,0.5,510.03,27.435,0.26752,14.622,9.7737,422.9,14.054,0.2,415.34,1165.3,0.90297,19.975,0.3,1.069,1.3771,0.4,0,117.46,11.861,139.1,5.562,195.89,56.777,1499.2,0.7,2.2512,23.214,1.1715,0.6,0.7,17.53,0.3,2.2494,6.0481,4.4785,25.22,0.1,4.8104,7.7553,2.1075,0.8,28.446,49.058,0.3,1.8817,12.363,17.507,0.3,3.4682,7.9265,0.6,0.2,0.4,0.1,3.6793,0.7,3.8,810.49,0.1,0.6,23.041,7.1,16.685,6.649,33.173,17.512
24.381,0,5.802,33.194,12.476,18.603,9.258,0,8.0631,0.2,0,0,1.2,38.639,0.2,1.5,1.164,0.2,0.32676,0.5,0.8,1.4231,0.6,0.5,1.9043,0.5,9.1523,2.268,71.277,0.1,5.1501,0.1,0.6,3.3549,39.182,4.2,0.8,0.2,121.83,0.6,94.05,3.0083,9.8488,2.0011,810.93,0.9,0.5827,1.2895,0,30.903,22.918,10.416,3.5985,0.1,0.3,168.08,3.6152,2.5249,3.5944,0.87132,595.69,0.2,3.5481,0.26223,4.4952,1.4315,13.658,56.357,0.2,0.9,188.75,50.348,1.1871,0.3,21.97,0.1,0.15064,2.5981,75.921,0.1,26.11,0.8,0.1,0.2,0.8,128.84,0.26175,153.8,52.398,0.76645,14.86,1.3,1.1823,2.1726,0.6,5.8038,0.3,93.207,0.3,11.32,4.4132,0.2,5.9205,0.2,33.339,0,0.92103,0.61919,4.5183,1,0.1,0.2,3.3546,27.426,3.4856,16.552,6.7788,0.016459,53.369,1.5587,0.2,0.65407,65.498,264.25,16.766,175.37,0.20255,205.81,0,2649.3,0.3,7.6461,10.691,0.1,0.4,392.54,0.7,8.5242,12.918,6.9183,352.88,0,0.3,83.362,62.746,30.19,0.3,10.201,0.55112,0,0.6,12.808,4.2886,233.54,0.13856,0.3,3.3582,13.556,0.6027,0.5,0,211.97,0.4,0.4,0.3,0.5,0.6,9.782,3.6,0.4,0.3,0.9,1.6498,0.5,5.0484,0.1,429.55,6.1,1.4941,1.5,0.1,61.966,13.431,0.2,1.5588,1.2127,6.6144,2.7076,1.3191,0.67894,0,0.2,0.6,19.899,4.7435,4.8,1.4425,0.3,0.1,319.23,3.63,2.3,0.34983,0.53591,3.3107,0.3,305.03,0,4.0585,0.1,7.5882,4.6347,5.2992,1.0876,0.3,0.2,0.90152,1.9622,1.6,0.97088,531.52,3.3099,0.9,14.185,3.6785,1.5974,0.2,16.075,12.762,1.2169,0.3,135.8,0.75928,1.4673,1691.5,9.9456,15.071,4.2744,103.86,219.78,8.1179,22.404,661.63,98.799,0.5,38.013,1.2413,1.8952,1.6,0.2,4.5585,12.013,7.1965,693.35,0.3,3.6799,41.565,122.86,2.0558,0.5105,10.275,0.4,6.7858,17.06,1.1608,2.7256,1,0.2133,0,52.086,0.32041,1.2,0.43155,41.094,0.24422,1061.7,917.8,2.9131,5.6282,5.5046,262.09,0.16801,10.493,115.89,0.3,1.4148,0.87275,0.96611,15.537,0.1,0.42489,487.44,0,1.0371,0.6386,1.6,835.37,0.1,16.4,0
41.152,0,0.55467,236.41,16.861,50.633,0.80418,0.1,6.2199,0,5.5536,1.1519,0.5,46.742,0.5,3.1225,6.2406,3.0748,0.5,0.3,3.3144,0.1,0.3,0.34515,0.7,0,0.4,0,73.986,0.8,3.1866,1.6,1.5,0,393.79,4.2,2.3942,1.2617,4.6489,0.5,72.179,0.5,0.3,0.69252,30.356,0,0.2,0.1,0.2,67.327,59.794,2.9,1.3834,0.3,0.45169,5.7344,1.1571,3.2468,4.3848,15.042,9.1502,3.3164,1.1758,11.663,0.74678,4.4057,353.81,438.28,1.5,0.076495,2.7026,26.091,0,0.71118,4.3404,1.4388,11.849,148.29,33.074,0.3,6.7241,1.1,0.842,0.7,0.3,61.806,0.15372,13.7,5.808,0.1,1.4744,10.857,0.59726,4.4,15.747,0.6,0.58835,24.787,0.3,4.386,15.017,0.1,2.1,4.5627,22.505,0.90197,0.055318,33.357,0,0.5,0.3,0.22776,0.2,0.086953,0,16.419,1,0.8,51.713,0.59406,0.7,15.709,123.14,11.42,4.0179,21.702,0,3.5299,0.029461,328.21,3.1119,5.0769,4.3193,1.5504,0.327,0.3,0.3,4.7963,12.784,24.485,150.4,0.52123,0,7.8332,15.795,5.5364,2.0437,1.4028,3.5621,0.83561,0.6,740.17,150.04,37.145,0.5,0.4,0,2.9072,0.77085,0.1,0.5,496.36,4.0202,3.8,0.6,8.2764,1.4937,467.11,0.4,1.7,0.9,2.3,0.2,0.11126,18.426,2.5345,12.081,0,2.0303,4.9467,1.3157,6.4,8.4356,6.0221,0.3,0.1,330.63,0.85933,0.2,0.2,2.3198,0,1.5456,0.3,7.1787,0.1,0.1,1.1928,0.7,5196.7,0.3,3.993,1.8899,4.1719,8.3613,1.8148,78.46,20.625,150.87,3.0187,0.2,0.4,24.8,0.1,3.2112,0.1,10.738,71.541,0.62483,0.4,48.957,0.1,26.398,0.3,0.6,0.4,0,16.037,229.34,0.8,0.7,1.3576,1.7157,0.7,739.29,625.14,2.1976,0.1,1.845,269.21,0.56969,2.3225,1300.9,23.505,0.64297,155.42,0.2,67.406,8.2014,0,1.6714,175.87,153.6,505.8,0.48814,101.2,3.8339,1693.6,0.10887,0.3,17.075,2.1696,0.6,93.487,1.1671,7.4642,1.475,2.7008,0.09123,3.9598,3.2083,3.4,98.365,79.81,17.176,18.294,47.166,0,1.3774,27.05,577.24,2.6,10.657,102.86,0.5,0.1,0,0.089958,10.786,2.0427,0,96.589,0.1,0.7,1.544,1.9208,131.11,0.2,216.39,4.116
51.123,2.1,0.2,44.986,0.23116,43.446,0.5,0.1,0.6,1.1241,4.5264,17.256,0.01966,2.9658,96.853,9.1,0.1761,0.77837,0.2,0.7,2.3,1.027,2.4793,0.1,0.56011,0.1,0.55638,0.1,29,0.6,25.726,103.67,3.1866,0.54072,6.9612,9.4755,0.86865,3.1322,4.4372,1.4,0.50907,3.4,0.2,0.2,107.4,0.2,0.1,1.5146,0.3,19.03,682.56,1.9844,0.2,3.5827,0.9,6,3.8235,0.6,0.9995,7.7662,228.6,3.9854,0.1,0.84067,0.3,1.2773,27.253,39.713,0.7,0.15909,24.007,37.915,1.5,0.1,2.7081,0.3,7.8983,1.1,52.252,1.3246,6.683,0.3,0.1,0.2,0.8,252.28,0,425.22,4.7954,0.5,9.6466,0.91585,4.3363,0.6,18.117,5.2835,0.4,5.1479,0.5,3.155,35.577,0.1,0.6,7.6304,48.946,0.2,0.38954,4.348,0.1,0.4,1.3298,0.1,0.1,0.1,2.7242,2395.1,0.77076,6.9382,9.2569,3.2727,0.83362,0.8514,378.76,110.01,5.0454,88.956,0.1,36.798,0,2.566,0.2,0.2196,15.591,0,0.5,377.52,5.5665,0.1,1.6037,194.38,62.957,1.7,1.6343,81.357,1.2902,22.728,0.64799,0.40975,1,0.6897,0.5,220.95,1.1994,41.618,3.9,0.3,3.442,0,0.2,0.60367,3.75,82.887,0.5,0.1,4.453,3.9859,0.4,939.85,0.1,37.263,6.524,0,0.31827,17.322,59.857,1.682,72.821,36.022,0.2,0.3,0.74422,308.96,68.092,1.8859,6.8152,0.3,253.68,0,0.63298,6.17,1.2457,9.8211,0.1,6.2649,17.917,0.53784,0.18917,13.682,0.2,231.82,0.2,2.3,1.5005,1.111,135.48,12.141,126.7,0.1,22.746,0.1,0.1,0.2,5.4361,0.1,0.4,0.6,0.1,5.2,2.8026,0.66998,61.065,1.3786,6.0803,0.2,6.4363,0.39584,0.84205,344.39,283.32,0,0.2,900.56,1.2219,0.4,343.78,147.74,0.2,2.5,8.7844,17.097,3.4684,11.092,321.89,91.09,0.1,82.265,0,0.9,0.1,12.313,12.779,11.413,1.8697,3076.4,0.5,33.848,199.99,343.79,9.2059,0.2,7.9164,0.1,0.1,2.1458,0.1,0.1,0.99881,0.1,0.39163,4.935,0.14448,7.4117,92.162,11.33,7.0894,225.96,6.6187,0.52883,0.92607,28.014,98.896,1.7562,24.314,71.016,0.43429,0.6,0,29.058,226.08,0.1,0.1,332.85,0,12.953,3.667,0.021905,356.23,1.6837,73.847,0.6
284.47,0.5,1.9,4.1626,0,14.154,6.1498,0,5.4265,9.0524,0,17.446,2.3409,136.8,1.6686,57.135,3.0174,0.43549,0.1,0.4,3.7234,0.1,0.1,0,0.2,0.4,2.1004,0.53316,3.2825,2.4,29.651,23.302,1,1.5784,69.18,13.959,0.83337,1.5504,1.8036,0.2,4.5453,1.0402,0.4,1.3115,651.44,0.3,5.5842,0.35965,0.8,30.666,25.59,23.465,3.3418,0.92671,0.4,6.0622,13.242,2.7535,0.18803,22.117,110.44,1.1,0.4,1.0403,1.5267,11.008,68.72,2744.8,8.0827,0.1,56.663,21.262,4.4675,14.422,5.4897,0.1,1.6068,22.756,32.208,0.4,12.827,8.3632,0.3,0.77249,1.1,892.03,0.2,360.35,316.06,0.2,0.45804,51.372,0.1,1.2559,11.2,1.827,0.3,0.8,0.1,0.9,26.586,0.2,0.1,24.664,10.696,1.3938,11.411,0.14079,0.20237,0.15108,0.3,0.1,0.2,0.1,1.3834,16.633,4.3217,0.3,11.704,3.789,0.6,11.994,0.38343,3371.7,20.258,21.079,0.3,15.11,0.3,528.43,0.2,0.6,1.2,0.6,2.1077,0.5,6.7625,0.1,44.959,78.892,5.2544,0,0,11.095,6.0496,75.229,1,1.252,0,0.067159,0.6,51.426,1.7,8.6788,0.9,0.2,1.5731,0.3,1.254,0.1,10.727,733.04,0.9,0.1,0.1,1.5262,0.6,12.634,0.8,4.2337,0.7,17.51,0.30207,4.4432,23.369,0,12.5,0.5,0.3,0.9318,0.3,6.5254,141.35,15.274,1.4618,0.1,210.84,1.4,0.1,0.1,0.15641,0,0.2,26.358,0,0.1,0.17875,0.7,5.1679,908.76,2.7393,0.2,1.2567,248.14,125.42,0.42739,4.1692,3.6342,69.331,0.6,2.5412,0.4,101.22,0.55852,0.8,7.0208,0.8,5.4544,0.2,1.0473,61.012,2.684,24.784,4.3354,0.3,1.9,0.3,900.38,177.72,0,0,166.79,0.13547,0.10456,61.4,526.96,0.1,0.3,3.3862,18.604,7.9001,1.1267,70.8,250.41,1.1,80.746,0.4,0.6,0.4,2.0859,0.54707,2.5685,9.4,63.685,0.2,9.1132,4.6681,63.049,0.2,0.3,11.42,0.6,1.5681,0.65904,0.1,1,16.407,25.988,1.8,4.4622,7.6652,3.0234,34.968,0,59.644,13.882,547.83,0.3,1,5.7684,12.608,0.72829,66.531,40.635,2.0375,5.2397,0.4,0.1,20.491,11.069,0.6,449.56,0.1,0.2,2.8393,0.29203,45.858,1.427,165.69,0.27238
8.8133,0.3,6.9992,41.651,31.181,39.302,0.82578,0.5,0.4,0.1,6.2651,0.3,0.58255,36.363,2.0255,0.32353,0.2,5.5159,0.4,2.1059,1,0,0.2,0,0.2,0.7,0.2,0.046343,28.619,1.2681,15.338,133.02,5.5674,1.3,0.23612,108.93,0.2,0.2,9.6689,1.1303,43.282,0.2,0.4,1,741.87,4.1293,0,10.021,0.1,49.171,4.3399,0.1,0.4,0.2,0.4,18.579,0.31893,0,1.4,0.72406,71.046,4.0032,0.4,0.36363,7.3189,0,15.902,88.908,0.2,0.030615,38.66,246.69,1.5,0,173.34,0.8,7.7744,9.2692,50.337,0.1,46.625,0.2,5.7482,3.772,3.5307,9.2882,0,110.69,367.47,0.1,6.8505,17.605,4.4113,0.2,17.927,0.2,0.7,5.6866,1.896,41.453,35.558,4.2658,0.2,55.721,712.23,1.5534,19.981,0,0.9,0.4,3.9769,0.4,1.5052,2.199,0.6,1.4145,19.397,2.0455,29.514,0.98717,0.2,0.8,7.1491,27.958,0.76848,24.425,0,3.9299,0,556.57,1.1363,0.62823,12.964,3.6604,9.0961,78.025,0,0.34339,58.216,98.166,43.539,0,0.65096,9.9074,105.45,1927.4,23.848,0.61892,2.657,0.2,0.1,84.054,18.651,110.24,10.475,1.5,0.2,8.209,0.2,0.7,0.1,23.186,10.812,3.478,1.3441,0.3,4.2615,1.8865,0.27176,0.5,10.017,15.95,1.4281,0.00057679,19.064,1.3685,7.5827,0,2.8171,4.8816,0,318.87,28.172,0.2,9.6594,6.5824,5.7956,6.7696,0.7,0.2,0.3,0.1,1.1826,1.6774,2.2,0,0.70794,0.71838,0.90924,190.61,4.6603,1.9324,13.324,1,0,0.84415,4.1,0,115.14,4.4692,0.1,0.3,353.54,2.7256,0.2,0.64081,0.1,6.8885,5.2493,2.159,226.22,0.8,4.1677,1.9502,0.9793,0.8,0.2,86.382,9.1841,0.1,0,29.251,1.5,0.050554,480,219.35,0.4,15.189,20.134,559.29,4.3,23.235,4.2422,97.787,0.2,224.35,0,2.9035,2.1647,0.1,3.8282,46.47,68.903,1167.6,0.2,25.286,170.24,276.23,0.3,0.5,39.821,1.2,1.5599,7.6832,0.065663,1.7664,1.983,0.2,0.6,82.294,0.1,19.589,7.1693,32.3,0.77179,9.2567,29.054,0.2,0.2,50.134,18.483,0.8,10.518,27.835,6.5744,3.8332,0.48806,1.4986,41.003,3.3474,0.6,535.49,0.7,0.3,6.4055,0.44253,0.80402,0.87177,16.53,2.2902
62.293,0.3,0.1,319.98,5.1469,22.607,0,5.848,0.6,0,4.2455,0.3,52.692,1.0136,10.794,5.9369,0.77455,1,0.1,6.9232,1.7659,2.1546,7.7075,1.9579,1.3,0.2,0.60257,0.27476,7.1289,0.3,66.76,94.259,2.3079,7.9935,39.713,73.063,0.6,5.1861,3.9774,0.3,24.765,0.30127,0.2,0.3,1122.3,0.2,0,1.3,3.1,37.515,320.07,2.3661,0.1,1.5236,0.8,39.496,2.9537,4.1,0.1,18.638,18.202,2.1366,0.1,0.2,0.2,0.91626,24.452,651.55,0.6,0.1,0.86825,2090.9,4.0276,6.7218,3.3546,0.1,3.8107,154.6,69.789,1.6301,13.582,2.4884,1.52,9.4929,1.2,14.116,0.6,73.974,135.09,3.8322,1.3703,29.836,0.1,1.1403,0.20413,5.758,1.4,4.7928,0.3,1.3983,0.082803,1.0736,8.6321,1.8117,32.897,0.8,3.943,0,0.4,0.48567,1.3,0.1,0.2,11.316,0.2,203.12,0,0.2,6.5747,0.4,0.2,13.209,12.466,13.751,3.7942,242.58,0.4,4.6088,3.3715,41.534,0.1,3.9966,655.86,2.9905,0.1,0.6962,6.7211,0.5,7.8619,0.36524,50.241,0.1,0,223.49,74.094,17.894,19.214,5.1,6.5,0.2,0.5,1230.5,21.672,112.74,0.1,4.7414,3.356,0.2,0.6,0.1,0.1,30.542,0.1,0.2,0.1,5.0907,5.3395,6.3457,0.1,1,0.1,10.05,2.3272,0.4,60.278,0.1,1.1533,0.3,2.4871,0,4.6874,88.061,13.959,0.1,0.4,7.1,52.873,0.18235,25.161,4.258,0,1.0802,0.6,6.726,0.1,0.30885,18.498,0.1,0,284.48,3.706,4.6935,7.3329,1.3547,0.56632,0.3,0.067743,0.32591,29.128,0.96069,1.7392,0.1,4.8644,1.2174,0.83811,0.2,5.6723,68.173,1,1.981,720.25,0.1,3.4764,0.035057,1.4,0,2.0012,4.7734,15.349,0.3,2.5,7.5759,1.6324,0.3,183.9,26.84,0.1,0.1,3.1572,43.274,43.612,2.1867,31.98,87.795,0.2,1.6,0.3,0.1,2.2907,8.7414,33.774,260.21,5.4947,6050,7.9619,2022.7,23.303,1443.6,0.1,6.9985,2.0249,0.1,3.0667,68.233,0,0.52334,10.281,2.124,0.4,7.1461,0.1,7.2899,67.66,5.6902,3.1,4926.7,1836.7,1.9456,8.8795,157.32,4.6764,0.8,10.2,53.912,2.7459,0.2,0.4,1.1,9.4875,6.8263,0.3,82.203,2.1847,0.1,4.1222,1,46.607,0.1,20.334,0.3
2.1574,0.2,0.5,80.564,15.51,53.51,0.3725,0.1,0.3,0.5,0.4,6.3071,0.36485,4.9368,14.968,1.1543,0.8757,2.7163,1,0.1,2.074,0.2,1.2774,0.53611,0.1,3.6689,9.3278,0.94906,207.31,8.2019,222.91,3.3,0.5,0.5,380.35,17.312,0,2.1584,8.9182,3.2982,20.5,0,3.783,0.1,37.897,0.1,0.9,0.6,0,9.3816,8.1495,225.72,0.25299,0.80149,5.0251,37.494,52.874,0,2,29.759,26.648,16.222,0.4,3.0837,1.3572,97.862,28.137,341.16,0.37844,1.9122,439.91,19.587,1.5,3.9559,116.12,7.1379,18.331,9.2983,6.9617,0.2,4.7536,1.1,0.3,0.1,1.1,255.16,0.1,72.246,5.4071,0.4319,1.1473,322.63,0,13.282,7.2575,0,24.712,136.02,0.7,0.86049,11.004,0.53476,0.2,0.055526,515.88,10.56,0.96755,0.1,0.5,0.1,8.9539,0.5,0.4,10.33,0.3,74.683,0.1,15.22,8.8147,0.1,0.2,3.7871,26.879,29.2,20.007,0.39685,0.4,51.641,0.3,222.08,0.5,0.77608,42.433,0.4,0.74144,10.561,37.358,1.6,12.745,5.8602,2.0613,0.4,1.9,66.788,67.958,15.959,0.2,0.7,0.3,0.2,1,439.7,11.6,44.647,0.6,2.6895,0,8.8401,0.1,0.1,0,637.15,0.5,5.123,0.8,3.6022,4.2,33.921,0.21739,0.2,2.0408,0.5,16.211,0.1,27.697,13.335,30.986,0.9,0.7,0,0.96662,304.82,9.3186,1.1146,2.6047,6.8072,16.69,0.9,0.9726,0,0,1.1707,0.57262,0.94136,0.3,0.057921,0,0.4,0.6,1807,0.3,0.5,7.2463,69.046,77.497,1,0.63267,0.9,36.241,0,2.3,1.5,19.848,2.7,0.29697,0.26213,3.0951,3.1514,0.4,2.4265,719.24,0.4,99.294,2.8594,0.2,0.85571,10.39,36.824,8.3235,1.7,0.6,195.68,3.369,0.4,11.555,9.8949,2.4162,0.4,457.9,21.113,0.8,54.658,1493.8,15.374,0.86439,0.020375,0.3,0.7689,0.1,0.40689,10.648,0.22817,44.214,409.01,1.2,188.54,3.1047,13.731,0.24088,0,8.2273,0.36133,5.9606,204.01,3.1149,0.1,6.9462,0.5,4.1358,75.746,0.34587,11.277,21.178,89.258,0.23132,26.344,94.103,0.19254,5.656,583.48,53.696,0.79903,10.2,3.6799,0,0.3,4.5815,0.7,23.349,1.0851,0.33404,6.824,0.52782,0.2,2.9,0.1,15.663,3.5668,25.915,0
22.02,0.2,0.1,28.402,2.2915,16.982,0.2955,0,0.1,0.3,0.4,2.0513,1.2,151.15,16.633,2.7,0.14581,0.4,4.3577,0.7,1.2525,4.1668,2.9226,0.4,0,0.59207,0.8375,5.7794,7.4819,0,141.67,3.3,3.7282,0.88535,100.4,15.276,0.4,0.30775,5.3199,2.1365,10.304,0.59628,0.1,3.567,518.03,0.4,0.1,0.2,3.1034,0.83286,166.11,70.123,0,0.077964,3.1,82.335,68.023,4.1689,0.1,10.116,71.083,0.5,0.75486,0.2,0.8,6.3489,26.448,175.04,9.6739,0.1,5.4886,1263,10.322,6.9184,113.27,0.7022,148.94,2.1631,2.6156,1.1,0,0.4,7.9,0.2,5.3553,26.539,4.91,237.18,533.15,0.54972,99.519,2.7104,3.2425,0.7,26.073,0.80563,0.1,155.45,1.5,1.414,6.8334,0.16025,8.776,42.532,136.96,0,8.3602,5.6452,1.4865,0.2,1.7336,0,0,0.7,0.7,601.56,0.4,0.13752,2.1,15.253,0.15971,0.10317,9.5097,32.501,99.147,27.231,0.4,32.553,1.7,22.203,1.5777,0,117.83,0.49861,8.8546,30.16,0.1,0.65306,88.476,40.849,194.13,1,5.8583,39.045,8.8117,52.423,1,9.3378,0.51418,6.7951,2.0752,12.36,68.035,1.6501,4.1795,0.46598,0.4,2.4262,0.76276,0.62978,0,9.3,0.047007,0.80332,11.5,0.44451,0.1,17.334,0.2,0.1,0.018959,4.8034,0.3,2.8305,30.653,3.2512,67.704,6.1,2.8712,0.4972,0.3,138.06,66.177,9.2124,3.2703,0.8,16.519,0.31298,0.3,1,0.20391,0,1.1,7.7293,19.299,8.2427,0.5,0.24231,0.055884,745.93,2.5844,0.8,8.7378,203.09,47.854,0.4,0.6,0.21639,9.9008,0,0.3,0.70959,25.833,20.267,1.361,0.1,4.1411,5,0.33748,27.866,28.384,1.1204,14.874,0.3,0.1,1.325,0.5,44.739,23.854,0.79663,0.20348,93.266,2.923,0.59116,144.55,4642.7,1.3221,0.91205,3.687,43.987,39.496,17.224,8.5843,1145.2,0.55521,15.915,0,1.5,2.3965,1.1073,0.2,83.645,69.884,150.29,0.97394,69.19,3.6889,32.503,0.2,35.101,176.83,0.1,1.5861,15.287,11.211,1,0.5,7.5902,0,4.0259,1.7038,6.8858,6.4998,27.34,47.536,17.985,1623,1.94,1.5093,4.684,7.589,0,6.2603,90.274,0.2,0.2,1.7926,1.2877,338.49,0.3,3.2516,122.95,5.1156,1.7321,3,0.13015,129.73,1.1,19.8,0.7
6.2557,3.6959,0.5,17.188,2.7,12.453,7.3,0.27738,9.1702,0.4,0,2.2043,1.0487,26.656,1.4363,20.106,0.76777,0.4,0.1,1.8233,2.1915,0.68148,7.1797,2.5817,1.3,0.7,0.79072,0.20973,103,0.36822,25.842,45.769,2.5295,0.5,12.471,39.569,1.2,2.2,99.531,1.4,3.8131,9.33,1.3,2.8364,654.94,17.037,0.45958,8.4884,2.117,72.13,41.623,7.809,0.5,0.1,1.2039,24.578,51.786,6.843,10.115,140.79,599.22,0.3,3.6,11.643,0.3,0.34829,15.807,234.46,0.1,3.5964,2.5,785.96,11.904,6.876,0.75743,0.3,131.8,4.4552,1.5208,0.3,0.1,3.4245,3.665,0.1,0.5,189.83,0.60265,34.972,167.69,1.8,43.571,28.92,0.1,0.4,9.4655,3.0895,6.2189,13.888,0.88555,0.6,38.31,0.035858,0.1,4.5893,24.242,0.9,84.903,0.2,0.5,0.8,0.4,0.039343,0,0.1,0.2,350.79,17.484,4.934,4.466,2.3743,0.44741,10.161,9.5203,204.52,89.144,26.723,16.486,187.82,2.4774,210.53,0.1,0.3,41.492,0.84925,0.56599,0.3,0.7,0,14.623,13.656,1027.2,0,0.2,20.997,5.8715,39.588,12.916,3.1789,0,0,0.3,141.08,9.9817,145.48,0.2,7.6204,0.1,2.7337,0.1,0.7927,0.95458,19.079,2.7912,1.3095,0,18.514,0,127.66,2.1779,0,13.738,1.9651,0.3,0.8,18.575,0.17553,6.423,34.859,0.2,1.5673,0.3,36.111,362.73,0.3,9.1211,0.1,166.23,0.6,2.4113,0.6,1,12.173,1.3252,5.8745,0.44081,0.9,0.71617,0.1,21.331,268.19,4.7293,0.28994,0.22331,6.992,0.94692,0.46717,12.389,0.1,1652.7,0.6,1.1,0.1,23.28,0.4557,0.3,0.1,0.3,2.0357,0.22823,0.4,754.45,1.9407,3.3557,2.4547,2.2041,2.1917,0,74.221,7.6842,1,0.2,6.3491,1.544,0.59422,435.87,436.72,0.3,0.6,106.78,137.66,6.2,65.888,106.22,9.4192,0,96.656,0.1,0.6,0.1,0.53942,0.026471,188.06,9.5126,8266.6,3.3437,10.632,41.398,13.166,0.2,0.2,8.455,2.0489,0.33303,33.618,0.3,3.5286,6.7159,2.8753,12.899,3.2748,3.4784,3.3549,652.6,11.691,69.975,231.34,28.44,3.4554,0.2,62.041,98.87,0.2,10.2,16.259,0.5,0.7,0,0,8.3734,6.8392,0.2,9.5836,0.98429,1.8,1.1408,0.4,110.32,1.803,3.654,0.3
6.2645,6.585,3.2428,338.03,8.4971,462.03,0.2,0.1,0.1,0.64039,0.2,2.777,0.1,73.427,0.39921,8.2344,0.6,0.32598,0.1,1.5,1.1,2.1104,12.638,0.014447,0.2,0.7,0.1,0,4.5241,7.7229,39.025,34.861,4.4066,0.3,67.615,210.45,0.4,0.1,203.87,1.0387,8.8958,0.1,0.3,9.2732,28.358,0,1.3077,0.51332,5.6732,21.992,1.405,18.339,1.1976,1.459,3.1078,7.3309,15.62,0.3,0.2,4.7479,95.235,0.2,3.7862,0,0.46264,0.50583,356.16,1442.6,1.1564,0,3.6421,12.752,0.3,4.7082,2.1342,0,34.5,59.192,1946.3,1.1,0.9,0.74349,0.7,5.2755,5.9142,58.783,0.1,34.411,181.64,0.4,20.142,72.242,0.6,0.4,1.2109,0.6,0.4,30.213,1.1774,0,1.4955,2.9121,1.4,1.3,48.375,2.1479,7.8951,0.2,25.646,0.3,0.21556,3.4914,0.4,0.3,0,4.3447,0.3,0.98399,20.4,1.3176,0.2,0.95504,1.2096,354.81,6.0665,31.782,4.7698,1141.9,0.5,26.792,6.039,0.37798,12.04,1.1,2.4055,20.287,0.48169,0.1,0.43238,34.366,290.73,0,0.2,2.9393,122.98,278.39,0.1,3.5922,0.1,0,1.09,280.84,3.4927,9.4579,3.9828,0,26.959,1.9348,1.7874,0.4,0.1,705.18,2.3958,0.96568,0.3,29.239,0.22971,18.657,0.099257,0.4,2.8645,20.362,0.2,0.1,143.12,1.3612,5.5,29.714,0.2,0,0.2,215.86,8.4504,0.1,2.5725,0.8,32.237,0.7,0.9,0.47959,0.3,0.2,3.0659,0.4,1.2149,0.1,1,0.3,2.3154,12.304,0.2,2.914,6.1,1.3,12.61,1.6974,116.29,1.2655,3.6922,0.4,7.6311,0.3,8.5899,10.21,0.5,1.2,0.2,21.679,0.4,0.15985,195.31,0.1,44.007,12.039,0.2,0.3,0.7,14.621,101.46,4.1265,2.596,0.87478,6.0693,0.6,61.4,805.27,0.1,0.1,69.322,23.288,6.2,0.56856,103.07,294.15,0.1,7.5037,0.1,0.18046,0.36692,2.5497,0.2,10.991,2.644,245.51,1.7668,32.989,12.087,11.799,0.1,0.4,12.859,0,0.9,50.677,1.0556,0,2.9511,2.732,1.4422,0.43293,0.3,1.1793,43.235,5.3113,18.433,26.411,20.073,1.1,0.39679,107.12,146.96,7.771,7.6715,2.9,0.20049,0.6,0.2,9.2679,18.902,10.743,1.0264,16.731,0.2,0.97028,0.6,0.9,334.25,1.2776,11.845,23.984
86.823,0.1,1,109.78,0.5056,30.848,0.8,0.3,0.4,0.5,2.0775,4.6915,0.3,5.6242,10.479,16.967,2.1641,1.6,4.989,0.1,1,0.6,10.958,0,0.3,0.3,1.2825,0.1,56.539,35.682,4.8103,73.467,2.4865,2.2,245.64,451.91,0.7,0.3,0.74035,0.1,11.01,0,0.2,0.2,36.047,0,1.3,3.5514,0.2,77.063,25.511,1.2565,0.2,2.1154,4.0578,2.9846,0.3,0.6,0.66767,13.989,91.715,0.2,2.3451,0.5,1.8167,0.1,190.4,157.76,0.6,9.2854,3.2,40.787,10.388,4.4974,3.9267,2.0078,0.20589,6.9,19.278,0.1,2.2,1.1994,0.5478,0.20678,0.83192,199.47,0.3,234.53,4.5538,1.238,169.94,6.7322,2.2443,2.6146,0.6,0.4,0.8,0.39323,0.4,9.3956,1.9342,0.2,0.5,2.7156,174.77,1.9382,17.845,0.33072,0.1,0.8,0.6,1.8,0.4,0.9,16.03,23.202,5.3402,0.1,20.6,0.5,0.1,3.0295,9.4507,93.952,68.323,79.852,14.592,3.5267,1.9517,14.341,0.2,10.455,907.05,0,0,18.107,3.1919,1.8958,0.41655,28.477,293.48,0.5,0.4,80.698,0.38452,33.794,1.1288,13.989,14.795,0.3,0.6,1883.7,3.9372,6.2327,2.9,0.1,0.2,1.1,0.35945,26.668,1.4,684.26,0.2,0.1,0.5,29.795,1.854,298.02,0.8,0.1,19.387,13.854,2.4,1.344,31.466,1.0052,16.972,1.7,0.51079,0.5,1.3916,17.971,202.34,0.1,0.7,0.8,330.52,5.4949,0.3,0.52935,0,0.1,2.9066,0.6,0.21658,1.2968,1.138,0.3,0.2,15.884,0.3,0.3,1.5462,1.3,1.2708,0.1385,14.43,1.5189,408.73,0.2,2.6344,0.7,4.2624,1.2277,0.7,0.6,0.3,49.748,5.2159,4.1489,21.015,1.243,0.64245,0.1,0.92559,0.83621,0.3,0.18413,193.68,0.1,0.6,194.73,6.652,0.64021,1715.5,595.52,0.1,0.5,10.252,9.9534,3.234,1.6189,167.21,2077,0.1,19.957,0.5,0,8.0376,3.5618,18.969,271.88,20.443,17.159,0.1,259.14,0.46262,49.061,0.3,0.6,27.826,2.0754,3.3869,16.677,0.3,1,0.22528,0.4,0,6.3896,9.4903,1.5663,18.108,78.877,1.4285,10.198,438.06,0,1.8577,572.48,12.997,4.0876,19.373,3.8315,0.68245,0,0.1,0.9,329.46,0.18369,7.634,60.711,0,0.1,0.2,0.5,296.57,0.25741,21.375,0.7
16.257,0.29576,0.60628,110.16,1.8,39.208,9.3904,8.7391,2.7083,8.5254,0.012242,0.47555,0.069537,301.9,0.60468,13.876,0.2,0,0.1,6.9005,2.3,0.3,0.15586,0.4,0.1,0.7,0.31302,1,5.6295,0.6,6.4406,1.903,0.9,0.1,43.659,5.9304,0.97384,4.3536,61.404,0.2,101.48,0,6.2595,17.57,182.78,0.56467,0.3,0.78186,2.5345,8.6092,14.532,13.262,2.9093,1.2673,0,806.49,0.2,2.3658,0.4,42.451,6.9034,3.4941,0.1,0.3,0.4,1.7645,53.649,351.83,0.1,1.5493,0.59523,1350.4,22.975,0.25181,163.56,0,341.34,19.163,15.884,2.2944,5.0567,0.3,0.3,0.5,0.1,303.29,2.0172,564.46,57.262,0.2,4.0957,76.307,0.90789,1.7999,3.9512,0.6,0.8,5.5201,10.275,2.739,2.8821,0.1,0.88099,0.2,43.354,0.91395,0,1.8943,0.1,0.1,0.7,1.9726,0,31.716,0.3,341.39,0.1,0.7,4.6899,0,2.0808,15.715,84.796,704.2,3.4934,89.01,0.57972,10.842,0.5,2745.5,1.6352,0,14.235,0.1,4.793,569.28,3.3455,0.3,14.942,0.035211,25.125,0.1,0.2,222,120.31,4.4967,0.2,16.996,0.2,0.7,1.9701,83.921,0.88979,321.07,3.9647,1.3537,0.1,0,7,0,0.3,1019.4,0.5,3.1031,0.1,3.0798,1.5664,194.97,0.2,0.1,0.1,11.717,0,1.3,20.833,0.5,28.672,0.3,2.0426,2.5064,1.5,599.92,13.963,6.505,1.4,2.4228,158.99,0.4,5.7377,0.078125,0.1,9.24,0,1.9164,0.4,0.1,0,0.1,6.2266,584.63,5.8009,1.2875,6.1,31.08,26.06,0,16.302,1.728,398.62,0.41899,1.8615,0.4,18.461,2.8756,7.8723,0.78694,3.9083,1,0.38956,0.1,14.157,0.31197,1.6,8.9871,0.036123,0.2,0.3,4.726,1.8,3.9991,5.5,0.92016,3.334,0.4,61.4,59.167,5.6619,0.2,122.53,404.48,0.5,0.7,9.3216,273.17,0.1,10.97,8.5393,6.0444,0.9173,0,2.443,10.968,5.3,288.87,0,22.365,0.33485,773.66,0.1,6.8409,25.934,0.1,0.5109,2.3732,0.1,7.6681,2.229,0.3,5.5912,224.92,1.2868,2.7634,181.07,0.16031,2.4036,17.592,7.408,0,4.9293,691.79,96.181,0,27.482,25.281,1.5532,0.1,0.1,3.081,23.307,0.2,1.7887,71.535,2.4141,0.3,0.25156,0.1,166.19,0.34492,109.09,0
